{"count":1,"self":31.448719999999998,"total":120.87164969999999,"children":{"InitializeActuators":{"count":27,"self":0.00099779999999999986,"total":0.00099779999999999986,"children":null},"InitializeSensors":{"count":27,"self":0.0089515999999999988,"total":0.0089515999999999988,"children":null},"AgentSendState":{"count":5790,"self":0.24889819999999999,"total":0.452293,"children":{"CollectObservations":{"count":31266,"self":0.055811799999999995,"total":0.055811799999999995,"children":null},"WriteActionMask":{"count":31266,"self":0.0572074,"total":0.0572074,"children":null},"RequestDecision":{"count":31266,"self":0.0903756,"total":0.0903756,"children":null}}},"DecideAction":{"count":5790,"self":53.6790976,"total":88.288485799999989,"children":{"CameraSensor.WriteToTensor":{"count":31266,"self":34.6093888,"total":34.6093887,"children":null}}},"AgentAct":{"count":5790,"self":0.6712054,"total":0.6712054,"children":null}},"gauges":{"FetchGamePhysics.CumulativeReward":{"count":554,"max":0.977625847,"min":-0.99994123,"runningAverage":0.910663366,"value":0.9710554,"weightedAverage":0.9415917}},"metadata":{"timer_format_version":"0.1.0","start_time_seconds":"1658281515","unity_version":"2020.3.23f1","command_line_arguments":"C:\\Program Files\\Unity\\Hub\\Editor\\2020.3.23f1\\Editor\\Unity.exe -projectpath C:\\Users\\kryst\\JohnsonLab\\FetchGamePhysics\\FetchArenaProject -useHub -hubIPC -cloudEnvironment production -licensingIpc LicenseClient-kryst -hubSessionId c6ee4f90-0468-11ed-b60d-4dd8002aeae8 -accessToken o2m6f42DdvSRtefkTp2NCd1dQKssIgQzFbDilV6SBEc012f","communication_protocol_version":"1.5.0","com.unity.ml-agents_version":"2.0.1","scene_name":"StandardPipelineAgentCamera27","end_time_seconds":"1658281636"}}