{"count":1,"self":9.7954639999999991,"total":10.6563169,"children":{"InitializeActuators":{"count":27,"self":0.0019932,"total":0.0019932,"children":null},"InitializeSensors":{"count":27,"self":0.014961599999999999,"total":0.014961599999999999,"children":null},"AgentSendState":{"count":296,"self":0.025917899999999997,"total":0.78544669999999994,"children":{"CollectObservations":{"count":1620,"self":0.0099489,"total":0.0099489,"children":null},"WriteActionMask":{"count":1620,"self":0.0009968,"total":0.0009968,"children":null},"RequestDecision":{"count":1620,"self":0.019963099999999998,"total":0.7485831,"children":{"CameraSensor.GetCompressedObservation":{"count":1620,"self":0.72861999999999993,"total":0.72861999999999993,"children":null}}}}},"DecideAction":{"count":296,"self":0.0079753999999999988,"total":0.0079753999999999988,"children":null},"AgentAct":{"count":296,"self":0.043494899999999996,"total":0.043494899999999996,"children":null},"CameraSensor.GetCompressedObservation":{"count":5,"self":0.0049908999999999995,"total":0.0049908999999999995,"children":null}},"gauges":{"FetchGamePhysics.CumulativeReward":{"count":5,"max":0.9853011,"min":0.472233355,"runningAverage":0.8520024,"value":0.9618117,"weightedAverage":0.8002514}},"metadata":{"timer_format_version":"0.1.0","start_time_seconds":"1659217439","unity_version":"2020.3.23f1","command_line_arguments":"C:\\Program Files\\Unity\\Hub\\Editor\\2020.3.23f1\\Editor\\Unity.exe -projectpath C:\\Users\\kryst\\JohnsonLab\\FetchGamePhysics\\FetchArenaProject -useHub -hubIPC -cloudEnvironment production -licensingIpc LicenseClient-kryst -hubSessionId 6d3fc9a0-0856-11ed-9ca1-4938fe2c99ac -accessToken ZileoHPSuktljrc4OydjGoPuLDC2XuqaVtyY_KCNaAQ012f","communication_protocol_version":"1.5.0","com.unity.ml-agents_version":"2.0.1","scene_name":"StandardPipelineAgentCameraJump","end_time_seconds":"1659217449"}}