{"count":1,"self":13.6663296,"total":13.8479859,"children":{"InitializeActuators":{"count":1,"self":0.0019979999999999998,"total":0.0019979999999999998,"children":null},"InitializeSensors":{"count":1,"self":0.0030020999999999997,"total":0.0030020999999999997,"children":null},"AgentSendState":{"count":455,"self":0.0178858,"total":0.0568032,"children":{"CollectObservations":{"count":91,"self":0.027906999999999998,"total":0.027906999999999998,"children":null},"WriteActionMask":{"count":91,"self":0.00099669999999999989,"total":0.00099669999999999989,"children":null},"RequestDecision":{"count":91,"self":0.0100137,"total":0.0100137,"children":null}}},"DecideAction":{"count":455,"self":0.11189099999999999,"total":0.1129022,"children":{"RayPerceptionSensor.Perceive":{"count":91,"self":0.0010111999999999999,"total":0.0010111999999999999,"children":null}}},"AgentAct":{"count":455,"self":0.0059543999999999995,"total":0.0059543999999999995,"children":null}},"gauges":{"FetchGamePhysicsMemory.CumulativeReward":{"count":2,"max":0.420014441,"min":0.234657288,"runningAverage":0.327335864,"value":0.234657288,"weightedAverage":0.373675168}},"metadata":{"timer_format_version":"0.1.0","start_time_seconds":"1653179438","unity_version":"2020.3.23f1","command_line_arguments":"C:\\Program Files\\Unity\\Hub\\Editor\\2020.3.23f1\\Editor\\Unity.exe -projectpath C:\\Users\\kryst\\JohnsonLab\\FetchGamePhysics\\FetchArenaProject -useHub -hubIPC -cloudEnvironment production -licensingIpc LicenseClient-kryst -hubSessionId 1e352ea0-d79a-11ec-81fc-fd4050425af0 -accessToken -oyX3_f_uaCggMN6IOGFdTVvVww2hsILn5_6upMsN_o012f","communication_protocol_version":"1.5.0","com.unity.ml-agents_version":"2.0.1","scene_name":"ThreeRobotsArenaMemoryTest","end_time_seconds":"1653179452"}}