{
    "name": "root",
    "gauges": {
        "FetchGamePhysics.Policy.Entropy.mean": {
            "value": 0.7992458939552307,
            "min": 0.7992421984672546,
            "max": 1.0243940353393555,
            "count": 1000
        },
        "FetchGamePhysics.Policy.Entropy.sum": {
            "value": 8166.6943359375,
            "min": 7730.31201171875,
            "max": 10755.9345703125,
            "count": 1000
        },
        "FetchGamePhysics.Environment.LessonNumber.obstacle_scale_vs_ramp.mean": {
            "value": 7.0,
            "min": 7.0,
            "max": 7.0,
            "count": 1000
        },
        "FetchGamePhysics.Environment.LessonNumber.obstacle_scale_vs_ramp.sum": {
            "value": 7.0,
            "min": 7.0,
            "max": 7.0,
            "count": 1000
        },
        "FetchGamePhysics.Environment.LessonNumber.ball_fetched_threshold.mean": {
            "value": 7.0,
            "min": 7.0,
            "max": 7.0,
            "count": 1000
        },
        "FetchGamePhysics.Environment.LessonNumber.ball_fetched_threshold.sum": {
            "value": 7.0,
            "min": 7.0,
            "max": 7.0,
            "count": 1000
        },
        "FetchGamePhysics.Environment.EpisodeLength.mean": {
            "value": 29.910144927536233,
            "min": 26.130081300813007,
            "max": 40.81972789115646,
            "count": 1000
        },
        "FetchGamePhysics.Environment.EpisodeLength.sum": {
            "value": 10319.0,
            "min": 8081.0,
            "max": 12001.0,
            "count": 1000
        },
        "FetchGamePhysics.Step.mean": {
            "value": 19999964.0,
            "min": 10009992.0,
            "max": 19999964.0,
            "count": 1000
        },
        "FetchGamePhysics.Step.sum": {
            "value": 19999964.0,
            "min": 10009992.0,
            "max": 19999964.0,
            "count": 1000
        },
        "FetchGamePhysics.Policy.ExtrinsicValueEstimate.mean": {
            "value": 0.798007071018219,
            "min": 0.758461058139801,
            "max": 0.8130935430526733,
            "count": 1000
        },
        "FetchGamePhysics.Policy.ExtrinsicValueEstimate.sum": {
            "value": 276.908447265625,
            "min": 210.15216064453125,
            "max": 298.549072265625,
            "count": 1000
        },
        "FetchGamePhysics.Policy.RndValueEstimate.mean": {
            "value": 0.000651213398668915,
            "min": -0.0021501327864825726,
            "max": 0.004594039637595415,
            "count": 1000
        },
        "FetchGamePhysics.Policy.RndValueEstimate.sum": {
            "value": 0.225971058011055,
            "min": -0.7331953048706055,
            "max": 1.442528486251831,
            "count": 1000
        },
        "FetchGamePhysics.Environment.CumulativeReward.mean": {
            "value": 0.9137190822673881,
            "min": 0.8282638269101644,
            "max": 0.9373956728726626,
            "count": 1000
        },
        "FetchGamePhysics.Environment.CumulativeReward.sum": {
            "value": 315.2330833822489,
            "min": 231.72348429262638,
            "max": 339.2714891433716,
            "count": 1000
        },
        "FetchGamePhysics.Policy.ExtrinsicReward.mean": {
            "value": 0.9137190822673881,
            "min": 0.8282638269101644,
            "max": 0.9373956728726626,
            "count": 1000
        },
        "FetchGamePhysics.Policy.ExtrinsicReward.sum": {
            "value": 315.2330833822489,
            "min": 231.72348429262638,
            "max": 339.2714891433716,
            "count": 1000
        },
        "FetchGamePhysics.Policy.RndReward.mean": {
            "value": 0.0007824235587748632,
            "min": 0.0007073857438323709,
            "max": 0.003582824532606858,
            "count": 1000
        },
        "FetchGamePhysics.Policy.RndReward.sum": {
            "value": 0.2699361277773278,
            "min": 0.21688435241230763,
            "max": 1.0963443069776986,
            "count": 1000
        },
        "FetchGamePhysics.IsTraining.mean": {
            "value": 1.0,
            "min": 1.0,
            "max": 1.0,
            "count": 1000
        },
        "FetchGamePhysics.IsTraining.sum": {
            "value": 1.0,
            "min": 1.0,
            "max": 1.0,
            "count": 1000
        },
        "FetchGamePhysics.Losses.PolicyLoss.mean": {
            "value": 0.021341888094320895,
            "min": 0.009775921112547319,
            "max": 0.02352189530308048,
            "count": 487
        },
        "FetchGamePhysics.Losses.PolicyLoss.sum": {
            "value": 0.021341888094320895,
            "min": 0.009775921112547319,
            "max": 0.02352189530308048,
            "count": 487
        },
        "FetchGamePhysics.Losses.ValueLoss.mean": {
            "value": 0.004366161006813248,
            "min": 0.0025789605376000204,
            "max": 0.009667700435966254,
            "count": 487
        },
        "FetchGamePhysics.Losses.ValueLoss.sum": {
            "value": 0.004366161006813248,
            "min": 0.0025789605376000204,
            "max": 0.009667700435966254,
            "count": 487
        },
        "FetchGamePhysics.Policy.LearningRate.mean": {
            "value": 2.270799243399988e-07,
            "min": 2.270799243399988e-07,
            "max": 0.000149692145102635,
            "count": 487
        },
        "FetchGamePhysics.Policy.LearningRate.sum": {
            "value": 2.270799243399988e-07,
            "min": 2.270799243399988e-07,
            "max": 0.000149692145102635,
            "count": 487
        },
        "FetchGamePhysics.Policy.Epsilon.mean": {
            "value": 0.10007565999999998,
            "min": 0.10007565999999998,
            "max": 0.14989736500000003,
            "count": 487
        },
        "FetchGamePhysics.Policy.Epsilon.sum": {
            "value": 0.10007565999999998,
            "min": 0.10007565999999998,
            "max": 0.14989736500000003,
            "count": 487
        },
        "FetchGamePhysics.Policy.Beta.mean": {
            "value": 1.3775433999999986e-05,
            "min": 1.3775433999999986e-05,
            "max": 0.0024998785135000013,
            "count": 487
        },
        "FetchGamePhysics.Policy.Beta.sum": {
            "value": 1.3775433999999986e-05,
            "min": 1.3775433999999986e-05,
            "max": 0.0024998785135000013,
            "count": 487
        },
        "FetchGamePhysics.Losses.RNDLoss.mean": {
            "value": 0.0024600387550890446,
            "min": 0.0024268017150461674,
            "max": 0.004662055056542158,
            "count": 487
        },
        "FetchGamePhysics.Losses.RNDLoss.sum": {
            "value": 0.0024600387550890446,
            "min": 0.0024268017150461674,
            "max": 0.004662055056542158,
            "count": 487
        }
    },
    "metadata": {
        "timer_format_version": "0.1.0",
        "start_time_seconds": "1653455312",
        "python_version": "3.9.12 (tags/v3.9.12:b28265d, Mar 23 2022, 23:52:46) [MSC v.1929 64 bit (AMD64)]",
        "command_line_arguments": "C:\\Users\\kryst\\AppData\\Roaming\\Python\\Python39\\Scripts\\mlagents-learn FetchGamePhysicsTraining\\trainer_config_obstacle.yaml --env FetchGamePhysics\\FetchArenaProject\\Builds\\Obstacle27\\rig_room --torch-device cuda --results-dir FetchGamePhysics\\FetchArenaProject\\Assets\\Results --run-id ObstacleTest03 --no-graphic --resume",
        "mlagents_version": "0.29.0",
        "mlagents_envs_version": "0.29.0",
        "communication_protocol_version": "1.5.0",
        "pytorch_version": "1.7.1+cu110",
        "numpy_version": "1.21.2",
        "end_time_seconds": "1653469704"
    },
    "total": 14392.0651981,
    "count": 1,
    "self": 0.618749499997648,
    "children": {
        "run_training.setup": {
            "total": 0.09744920000000001,